0.945 ± 0.002,[0.94570133 0.94534449 0.94680963 0.94178351 0.94429945],beta 0.5,temperature 1,nfactor 1,nhidden 256,nembed 32,layer 1,dataset fb100,sub_dataset Amherst41,run 5,epochs 2000,lr 0.0001,miniid 2,m 5
